GROUP,PACKAGE,CLASS,INSTRUCTION_MISSED,INSTRUCTION_COVERED,BRANCH_MISSED,BRANCH_COVERED,LINE_MISSED,LINE_COVERED,COMPLEXITY_MISSED,COMPLEXITY_COVERED,METHOD_MISSED,METHOD_COVERED
ims,com.qa.ims.exceptions,CustomerNotFoundException,3,0,0,0,1,0,1,0,1,0
ims,com.qa.ims.controller,ItemController,0,109,0,2,0,29,0,7,0,6
ims,com.qa.ims.controller,Action,91,0,4,0,19,0,7,0,5,0
ims,com.qa.ims.controller,CustomerController,0,109,0,2,0,29,0,7,0,6
ims,com.qa.ims.controller,OrderController,64,65,3,2,17,18,3,6,1,5
ims,com.qa.ims,IMS,143,0,17,0,48,0,18,0,6,0
ims,com.qa.ims,Runner,16,0,0,0,6,0,3,0,3,0
ims,com.qa.ims.persistence.dao,CustomerDAO,62,171,0,2,24,43,0,10,0,9
ims,com.qa.ims.persistence.dao,OrderDAO,290,22,6,0,87,7,13,3,10,3
ims,com.qa.ims.persistence.dao,ItemDAO,62,174,0,2,24,43,0,10,0,9
ims,com.qa.ims.utils,DBUtils,26,147,1,3,10,32,2,12,1,11
ims,com.qa.ims.utils,Utils,59,3,4,0,25,1,7,1,5,1
ims,com.qa.ims.persistence.domain,Order,64,96,6,8,15,23,14,6,8,5
ims,com.qa.ims.persistence.domain,Domain,81,0,2,0,17,0,6,0,5,0
ims,com.qa.ims.persistence.domain,Item,37,74,5,7,10,20,10,8,5,7
ims,com.qa.ims.persistence.domain,Customer,0,110,0,12,0,29,0,17,0,11
